{"train/loss": 0.1082543283700943, "train/epoch": 0, "_timestamp": 1650981152, "_runtime": 264, "validation/loss": 29.825254440307617, "validation/epoch": 0, "_step": 0}