{"train/loss": 0.031509023159742355, "train/epoch": 19, "_timestamp": 1650986718, "_runtime": 5466, "validation/loss": 0.03700703755021095, "validation/epoch": 19, "_step": 19, "_wandb": {"runtime": 5467}}